{
  "systems": [
    "eidetic-plus-full"
  ],
  "accuracy": {
    "eidetic-plus-full|locomo|temporal": {
      "mean": 0.5789473684210527,
      "std": 0.0,
      "ci95": [
        0.3627590353425504,
        0.7685810871754576
      ],
      "successes": 11,
      "n": 19
    },
    "eidetic-plus-full|locomo|open-domain": {
      "mean": 0.8,
      "std": 0.0,
      "ci95": [
        0.37553462976252533,
        0.9637758913675698
      ],
      "successes": 4,
      "n": 5
    },
    "eidetic-plus-full|locomo|multi-hop": {
      "mean": 0.7333333333333333,
      "std": 0.0,
      "ci95": [
        0.4804956594401943,
        0.8910254667430761
      ],
      "successes": 11,
      "n": 15
    }
  },
  "head_to_head": {},
  "survival": {},
  "cost": {
    "eidetic-plus-full": {
      "tokens_per_write": 15511,
      "tokens_per_query": 7933.74358974359
    }
  },
  "latency": {
    "eidetic-plus-full": {
      "search_p50": 2044.512875028886,
      "search_p95": 2419.995183579158,
      "e2e_p50": 11606.26237501856,
      "e2e_p95": 13873.254750098567
    }
  },
  "judge": {
    "judge_model": "qwen3-max",
    "judge_backend": "dashscope"
  }
}