{
  "systems": [
    "eidetic-plus-full",
    "rag-full",
    "rag-vector"
  ],
  "accuracy": {
    "eidetic-plus-full|longmemeval|multi-session": {
      "mean": 0.3333333333333333,
      "std": 0.0,
      "ci95": [
        0.09677141110578041,
        0.700006684861608
      ],
      "successes": 2,
      "n": 6
    },
    "rag-full|longmemeval|multi-session": {
      "mean": 0.16666666666666666,
      "std": 0.0,
      "ci95": [
        0.030053369748306635,
        0.5635028221864702
      ],
      "successes": 1,
      "n": 6
    },
    "rag-vector|longmemeval|multi-session": {
      "mean": 0.3333333333333333,
      "std": 0.0,
      "ci95": [
        0.09677141110578041,
        0.700006684861608
      ],
      "successes": 2,
      "n": 6
    }
  },
  "head_to_head": {
    "eidetic-plus-full|rag-full|longmemeval|multi-session": {
      "n": 6,
      "a_only": 1,
      "b_only": 0,
      "both": 1,
      "neither": 4,
      "p_mcnemar": 1.0
    },
    "eidetic-plus-full|rag-vector|longmemeval|multi-session": {
      "n": 6,
      "a_only": 0,
      "b_only": 0,
      "both": 2,
      "neither": 4,
      "p_mcnemar": 1.0
    },
    "rag-full|rag-vector|longmemeval|multi-session": {
      "n": 6,
      "a_only": 0,
      "b_only": 1,
      "both": 1,
      "neither": 4,
      "p_mcnemar": 1.0
    }
  },
  "survival": {
    "eidetic-plus-full|rag-full|longmemeval|multi-session": {
      "runs": [
        0
      ],
      "status": "needs-2-runs"
    },
    "eidetic-plus-full|rag-vector|longmemeval|multi-session": {
      "runs": [
        0
      ],
      "status": "needs-2-runs"
    },
    "rag-full|rag-vector|longmemeval|multi-session": {
      "runs": [
        0
      ],
      "status": "needs-2-runs"
    }
  },
  "cost": {
    "rag-full": {
      "tokens_per_write": 122752.33333333333,
      "tokens_per_query": 122752.33333333333
    },
    "eidetic-plus-full": {
      "tokens_per_write": 122752.33333333333,
      "tokens_per_query": 7996
    },
    "rag-vector": {
      "tokens_per_write": 122752.33333333333,
      "tokens_per_query": 1944
    }
  },
  "latency": {
    "rag-full": {
      "search_p50": 0.011187512427568436,
      "search_p95": 0.01367728691548109,
      "e2e_p50": 18824.238665984012,
      "e2e_p95": 23036.303469212726
    },
    "eidetic-plus-full": {
      "search_p50": 2955.6210414739326,
      "search_p95": 3289.891156280646,
      "e2e_p50": 11963.89354148414,
      "e2e_p95": 13872.409958741628
    },
    "rag-vector": {
      "search_p50": 2.3794585140421987,
      "search_p95": 3.0024900333955884,
      "e2e_p50": 3340.8119580126368,
      "e2e_p95": 4037.8165730217006
    }
  },
  "judge": {
    "judge_model": "qwen3-max",
    "judge_backend": "dashscope"
  },
  "integrity": {
    "eidetic-plus-full": {
      "n": 6,
      "verified_correct": 1,
      "answered": 4,
      "unverified_answered": 0,
      "abstained": 2,
      "has_verify": true
    },
    "rag-full": {
      "n": 6,
      "verified_correct": 0,
      "answered": 6,
      "unverified_answered": 6,
      "abstained": 0,
      "has_verify": false
    },
    "rag-vector": {
      "n": 6,
      "verified_correct": 0,
      "answered": 6,
      "unverified_answered": 6,
      "abstained": 0,
      "has_verify": false
    }
  }
}