{
  "systems": [
    "eidetic-plus-full"
  ],
  "accuracy": {
    "eidetic-plus-full|locomo|temporal": {
      "mean": 0.55,
      "std": 0.0,
      "ci95": [
        0.3420853424503424,
        0.7418021417443758
      ],
      "successes": 11,
      "n": 20
    },
    "eidetic-plus-full|locomo|open-domain": {
      "mean": 0.8,
      "std": 0.0,
      "ci95": [
        0.37553462976252533,
        0.9637758913675698
      ],
      "successes": 4,
      "n": 5
    },
    "eidetic-plus-full|locomo|multi-hop": {
      "mean": 0.5333333333333333,
      "std": 0.0,
      "ci95": [
        0.30116980025498397,
        0.7519046463426261
      ],
      "successes": 8,
      "n": 15
    }
  },
  "head_to_head": {},
  "survival": {},
  "cost": {
    "eidetic-plus-full": {
      "tokens_per_write": 15511,
      "tokens_per_query": 15866.725
    }
  },
  "latency": {
    "eidetic-plus-full": {
      "search_p50": 1840.88477055775,
      "search_p95": 2123.9607437222726,
      "e2e_p50": 15755.390707985498,
      "e2e_p95": 20154.22800453961
    }
  },
  "judge": {
    "judge_model": "qwen3-max",
    "judge_backend": "dashscope"
  }
}