{
  "systems": [
    "eidetic-plus",
    "mem0"
  ],
  "accuracy": {
    "eidetic-plus|locomo|temporal": {
      "mean": 0.16666666666666666,
      "std": 0.0,
      "ci95": [
        0.06678676328632951,
        0.3585307064969906
      ],
      "successes": 4,
      "n": 24
    },
    "eidetic-plus|locomo|open-domain": {
      "mean": 0.5714285714285714,
      "std": 0.0,
      "ci95": [
        0.2504583645276572,
        0.8417801447485302
      ],
      "successes": 4,
      "n": 7
    },
    "eidetic-plus|locomo|multi-hop": {
      "mean": 0.631578947368421,
      "std": 0.0,
      "ci95": [
        0.41039533164803066,
        0.8085048725486492
      ],
      "successes": 12,
      "n": 19
    },
    "mem0|locomo|temporal": {
      "mean": 0.08333333333333333,
      "std": 0.0,
      "ci95": [
        0.023158815297043306,
        0.25848802193210685
      ],
      "successes": 2,
      "n": 24
    },
    "mem0|locomo|open-domain": {
      "mean": 1.0,
      "std": 0.0,
      "ci95": [
        0.6456695649333126,
        1.0
      ],
      "successes": 7,
      "n": 7
    },
    "mem0|locomo|multi-hop": {
      "mean": 0.47368421052631576,
      "std": 0.0,
      "ci95": [
        0.2732980516117956,
        0.6829219075488682
      ],
      "successes": 9,
      "n": 19
    }
  },
  "head_to_head": {
    "eidetic-plus|mem0|locomo|multi-hop": {
      "n": 19,
      "a_only": 6,
      "b_only": 3,
      "both": 6,
      "neither": 4,
      "p_mcnemar": 0.5078125
    },
    "eidetic-plus|mem0|locomo|open-domain": {
      "n": 7,
      "a_only": 0,
      "b_only": 3,
      "both": 4,
      "neither": 0,
      "p_mcnemar": 0.25
    },
    "eidetic-plus|mem0|locomo|temporal": {
      "n": 24,
      "a_only": 4,
      "b_only": 2,
      "both": 0,
      "neither": 18,
      "p_mcnemar": 0.6875
    }
  },
  "survival": {
    "eidetic-plus|mem0|locomo|multi-hop": {
      "runs": [
        0
      ],
      "status": "needs-2-runs"
    },
    "eidetic-plus|mem0|locomo|open-domain": {
      "runs": [
        0
      ],
      "status": "needs-2-runs"
    },
    "eidetic-plus|mem0|locomo|temporal": {
      "runs": [
        0
      ],
      "status": "needs-2-runs"
    }
  },
  "cost": {
    "mem0": {
      "tokens_per_write": 15511,
      "tokens_per_query": 498.48
    },
    "eidetic-plus": {
      "tokens_per_write": 15511,
      "tokens_per_query": 7961.12
    }
  },
  "latency": {
    "mem0": {
      "search_p50": 326.4951664605178,
      "search_p95": 506.7453332885634,
      "e2e_p50": 1564.7934379521757,
      "e2e_p95": 2142.008768726373
    },
    "eidetic-plus": {
      "search_p50": 2036.4811870385893,
      "search_p95": 2386.7577810538933,
      "e2e_p50": 3740.1478755054995,
      "e2e_p95": 4728.629781428025
    }
  },
  "judge": {
    "judge_model": "qwen3-max",
    "judge_backend": "dashscope"
  }
}