{
  "systems": [
    "eidetic-plus-full"
  ],
  "accuracy": {
    "eidetic-plus-full|longmemeval|multi-session": {
      "mean": 0.16666666666666666,
      "std": 0.0,
      "ci95": [
        0.030053369748306635,
        0.5635028221864702
      ],
      "successes": 1,
      "n": 6
    }
  },
  "head_to_head": {},
  "survival": {},
  "cost": {
    "eidetic-plus-full": {
      "tokens_per_write": 122752.33333333333,
      "tokens_per_query": 7996.166666666667
    }
  },
  "latency": {
    "eidetic-plus-full": {
      "search_p50": 2578.7833540234715,
      "search_p95": 3028.7394579791,
      "e2e_p50": 10747.298874543048,
      "e2e_p95": 14155.540864303475
    }
  },
  "judge": {
    "judge_model": "qwen3-max",
    "judge_backend": "dashscope"
  },
  "integrity": {
    "eidetic-plus-full": {
      "n": 6,
      "verified_correct": 1,
      "answered": 3,
      "unverified_answered": 0,
      "abstained": 3,
      "has_verify": true
    }
  }
}